SET FOREIGN_KEY_CHECKS = 0;
DELETE FROM product_attribute_values;
DELETE FROM product_categories;
DELETE FROM product_images;
DELETE FROM product_translations;
DELETE FROM category_translations;
DELETE FROM attribute_values;
DELETE FROM attributes;
DELETE FROM products;
DELETE FROM images;
DELETE FROM categories;
INSERT INTO attributes (id, name, type) VALUES (1, 'Color', 'COLOR');
INSERT INTO attribute_values (id, value, attribute_id) VALUES (1, 'Black', 1);
INSERT INTO attribute_values (id, value, attribute_id) VALUES (2, 'White', 1);
INSERT INTO attribute_values (id, value, attribute_id) VALUES (3, 'Navy', 1);
INSERT INTO attribute_values (id, value, attribute_id) VALUES (4, 'Red', 1);
INSERT INTO attribute_values (id, value, attribute_id) VALUES (5, 'Royal Blue', 1);
INSERT INTO attribute_values (id, value, attribute_id) VALUES (6, 'Forest Green', 1);
INSERT INTO attribute_values (id, value, attribute_id) VALUES (7, 'Heather Grey', 1);
INSERT INTO attribute_values (id, value, attribute_id) VALUES (8, 'Maroon', 1);
INSERT INTO attribute_values (id, value, attribute_id) VALUES (9, 'Pink', 1);
INSERT INTO attribute_values (id, value, attribute_id) VALUES (10, 'Mustard', 1);
INSERT INTO attributes (id, name, type) VALUES (2, 'Size', 'SIZE');
INSERT INTO attribute_values (id, value, attribute_id) VALUES (11, 'XS', 2);
INSERT INTO attribute_values (id, value, attribute_id) VALUES (12, 'S', 2);
INSERT INTO attribute_values (id, value, attribute_id) VALUES (13, 'M', 2);
INSERT INTO attribute_values (id, value, attribute_id) VALUES (14, 'L', 2);
INSERT INTO attribute_values (id, value, attribute_id) VALUES (15, 'XL', 2);
INSERT INTO attribute_values (id, value, attribute_id) VALUES (16, 'XXL', 2);
INSERT INTO attributes (id, name, type) VALUES (3, 'Material', 'TEXT');
INSERT INTO attribute_values (id, value, attribute_id) VALUES (17, 'Cotton', 3);
INSERT INTO attribute_values (id, value, attribute_id) VALUES (18, 'Organic Cotton', 3);
INSERT INTO attribute_values (id, value, attribute_id) VALUES (19, 'Polyester Blend', 3);
INSERT INTO attribute_values (id, value, attribute_id) VALUES (20, 'Heavyweight Fleece', 3);
INSERT INTO attribute_values (id, value, attribute_id) VALUES (21, 'Tri-Blend', 3);
INSERT INTO categories (id, name, slug, description, parent_id, image_url) VALUES (1, 'T-Shirts', 't-shirts', 'Soft, durable tees printed with original artwork.', NULL, 'https://images.ctfassets.net/5hig0ukq7ib0/bUmu6RBCWC5TTscquxd16/041978fd5b8a89923e2bcf646f24c71c/2352468_LocalizationUpdates40offPromo_800x800_1_081824.jpg?fm=jpg&q=85&w=800&fl=progressive');
INSERT INTO categories (id, name, slug, description, parent_id, image_url) VALUES (2, 'Men''s T-Shirts', 'mens-t-shirts', 'Everyday tees with a classic men''s fit.', 1, 'https://images.ctfassets.net/40akseett7bn/73ollBaFMKWqecCWhoz9Xr/ba927273e4e832ea4690b1c7b5e8038a/25Q1_GM_OnSite_LP_T-Shirts_Tile-Mens.png');
INSERT INTO categories (id, name, slug, description, parent_id, image_url) VALUES (3, 'Women''s T-Shirts', 'womens-t-shirts', 'Flattering tees designed for a women''s fit.', 1, 'https://images.ctfassets.net/40akseett7bn/7t0jPmroHvSxZRSLzN9x4z/3b47dd57877ab4231db4953f183a0084/25Q1_GM_OnSite_LP_T-Shirts_Tile-Womens.png');
INSERT INTO categories (id, name, slug, description, parent_id, image_url) VALUES (4, 'Unisex T-Shirts', 'unisex-t-shirts', 'A relaxed unisex cut that suits everyone.', 1, 'https://images.ctfassets.net/40akseett7bn/1mO3vTNNj4oiB1VIrjAOv6/6ddaa3cdae508a78003ddc7691bef694/25Q1_GM_OnSite_LP_T-Shirts_Tile-UnisexTee.png');
INSERT INTO categories (id, name, slug, description, parent_id, image_url) VALUES (5, 'Kids T-Shirts', 'kids-t-shirts', 'Playful, comfy tees made for kids.', 1, 'https://images.ctfassets.net/40akseett7bn/7IYojACCtCmQCfr358JzX3/4031fef01f0712019f5bde3b75743f83/23Q418_GM_UnholidizetheSite_MktgTeam_Incentives_KidsTshirts.png');
INSERT INTO categories (id, name, slug, description, parent_id, image_url) VALUES (6, 'Hoodies & Sweatshirts', 'hoodies', 'Cozy hoodies and sweatshirts for cooler days.', NULL, 'https://picsum.photos/seed/bq-cat-hoodies/800/800');
INSERT INTO categories (id, name, slug, description, parent_id, image_url) VALUES (7, 'Caps & Hats', 'caps', 'Finish the look with an embroidered cap.', NULL, 'https://picsum.photos/seed/bq-cat-caps/800/800');
INSERT INTO categories (id, name, slug, description, parent_id, image_url) VALUES (8, 'Stickers', 'stickers', 'Durable, weatherproof vinyl stickers.', NULL, 'https://images.ctfassets.net/5hig0ukq7ib0/4P0QEmFR6brUSmVEZNaKBm/9af6b7feae6e2ae43f9cce391929095b/25Q302_GM-Sept_40_SW_Onsite_HomepageTile_Desktop_2025_Stickers_NB.png?fm=jpg&q=85&w=800&fl=progressive');
INSERT INTO categories (id, name, slug, description, parent_id, image_url) VALUES (9, 'Phone Cases', 'phone-cases', 'Slim, protective cases with bold prints.', NULL, 'https://images.ctfassets.net/5hig0ukq7ib0/4zt0wgjprgqtOeGs1PsSE4/db62e5b9cc5f82ef6777efcf26e1a6d9/24Q402_GM_Holiday-NJaG_Homepage-Desktop_Tile-Phone_Cases.png?fm=jpg&q=85&w=800&fl=progressive');
INSERT INTO categories (id, name, slug, description, parent_id, image_url) VALUES (10, 'Tote Bags', 'tote-bags', 'Sturdy cotton totes for everyday carry.', NULL, 'https://picsum.photos/seed/bq-cat-totes/800/800');
INSERT INTO category_translations (id, category_id, lang, name, description) VALUES (1, 1, 'fr', 'T-Shirts', 'Des t-shirts doux et durables imprimés avec des illustrations originales.');
INSERT INTO category_translations (id, category_id, lang, name, description) VALUES (2, 1, 'ar', 'تيشيرتات', 'تيشيرتات ناعمة ومتينة مطبوعة برسومات أصلية.');
INSERT INTO category_translations (id, category_id, lang, name, description) VALUES (3, 2, 'fr', 'T-Shirts Homme', 'Des t-shirts au tombé classique pour homme.');
INSERT INTO category_translations (id, category_id, lang, name, description) VALUES (4, 2, 'ar', 'تيشيرتات رجالية', 'تيشيرتات بقصة كلاسيكية للرجال.');
INSERT INTO category_translations (id, category_id, lang, name, description) VALUES (5, 3, 'fr', 'T-Shirts Femme', 'Des t-shirts à la coupe féminine.');
INSERT INTO category_translations (id, category_id, lang, name, description) VALUES (6, 3, 'ar', 'تيشيرتات نسائية', 'تيشيرتات بقصة أنثوية.');
INSERT INTO category_translations (id, category_id, lang, name, description) VALUES (7, 4, 'fr', 'T-Shirts Unisexe', 'Une coupe unisexe décontractée pour tous.');
INSERT INTO category_translations (id, category_id, lang, name, description) VALUES (8, 4, 'ar', 'تيشيرتات للجنسين', 'قصة فضفاضة تناسب الجميع.');
INSERT INTO category_translations (id, category_id, lang, name, description) VALUES (9, 5, 'fr', 'T-Shirts Enfant', 'Des t-shirts confortables et amusants pour enfants.');
INSERT INTO category_translations (id, category_id, lang, name, description) VALUES (10, 5, 'ar', 'تيشيرتات للأطفال', 'تيشيرتات مريحة وممتعة للأطفال.');
INSERT INTO category_translations (id, category_id, lang, name, description) VALUES (11, 6, 'fr', 'Sweats à Capuche', 'Des sweats douillets pour les jours frais.');
INSERT INTO category_translations (id, category_id, lang, name, description) VALUES (12, 6, 'ar', 'سويتشيرتات', 'سويتشيرتات دافئة للأيام الباردة.');
INSERT INTO category_translations (id, category_id, lang, name, description) VALUES (13, 7, 'fr', 'Casquettes', 'Complétez votre look avec une casquette brodée.');
INSERT INTO category_translations (id, category_id, lang, name, description) VALUES (14, 7, 'ar', 'قبعات', 'أكمل إطلالتك بقبعة مطرزة.');
INSERT INTO category_translations (id, category_id, lang, name, description) VALUES (15, 8, 'fr', 'Autocollants', 'Des autocollants en vinyle résistants aux intempéries.');
INSERT INTO category_translations (id, category_id, lang, name, description) VALUES (16, 8, 'ar', 'ملصقات', 'ملصقات فينيل متينة ومقاومة للعوامل الجوية.');
INSERT INTO category_translations (id, category_id, lang, name, description) VALUES (17, 9, 'fr', 'Coques de Téléphone', 'Des coques fines et protectrices aux imprimés audacieux.');
INSERT INTO category_translations (id, category_id, lang, name, description) VALUES (18, 9, 'ar', 'أغطية الهاتف', 'أغطية رفيعة وواقية بطبعات جريئة.');
INSERT INTO category_translations (id, category_id, lang, name, description) VALUES (19, 10, 'fr', 'Tote Bags', 'Des sacs en coton robustes pour tous les jours.');
INSERT INTO category_translations (id, category_id, lang, name, description) VALUES (20, 10, 'ar', 'حقائب قماشية', 'حقائب قطنية متينة للاستخدام اليومي.');
INSERT INTO products (id, name, description, price, status) VALUES (1, 'Cosmic Otter Tee', '<p>An otter drifting through the stars — printed edge to edge on a buttery-soft organic cotton tee.</p>', 24.9, 'PUBLISHED');
INSERT INTO product_translations (id, product_id, lang, name, description) VALUES (1, 1, 'fr', 'T-Shirt Loutre Cosmique', '<p>Une loutre dérivant parmi les étoiles, imprimée sur un t-shirt en coton bio ultra-doux.</p>');
INSERT INTO product_translations (id, product_id, lang, name, description) VALUES (2, 1, 'ar', 'تيشيرت القندس الكوني', '<p>قندس ينجرف بين النجوم، مطبوع على تيشيرت من القطن العضوي الناعم.</p>');
INSERT INTO images (id, file_name, url) VALUES (1, 'bq-p1a.jpg', 'https://picsum.photos/seed/bq-p1a/800/800');
INSERT INTO product_images (product_id, image_id) VALUES (1, 1);
INSERT INTO images (id, file_name, url) VALUES (2, 'bq-p1b.jpg', 'https://picsum.photos/seed/bq-p1b/800/800');
INSERT INTO product_images (product_id, image_id) VALUES (1, 2);
INSERT INTO product_categories (product_id, category_id) VALUES (1, 4);
INSERT INTO product_attribute_values (product_id, attribute_value_id) VALUES (1, 1);
INSERT INTO product_attribute_values (product_id, attribute_value_id) VALUES (1, 2);
INSERT INTO product_attribute_values (product_id, attribute_value_id) VALUES (1, 3);
INSERT INTO product_attribute_values (product_id, attribute_value_id) VALUES (1, 7);
INSERT INTO product_attribute_values (product_id, attribute_value_id) VALUES (1, 12);
INSERT INTO product_attribute_values (product_id, attribute_value_id) VALUES (1, 13);
INSERT INTO product_attribute_values (product_id, attribute_value_id) VALUES (1, 14);
INSERT INTO product_attribute_values (product_id, attribute_value_id) VALUES (1, 15);
INSERT INTO product_attribute_values (product_id, attribute_value_id) VALUES (1, 16);
INSERT INTO product_attribute_values (product_id, attribute_value_id) VALUES (1, 18);
INSERT INTO products (id, name, description, price, status) VALUES (2, 'Weirdly Meaningful Tee', '<p>A little weird, a lot meaningful. Our signature slogan tee for the quietly bold.</p>', 22.5, 'PUBLISHED');
INSERT INTO product_translations (id, product_id, lang, name, description) VALUES (3, 2, 'fr', 'T-Shirt Étrangement Significatif', '<p>Un peu étrange, très significatif. Notre t-shirt à slogan emblématique.</p>');
INSERT INTO product_translations (id, product_id, lang, name, description) VALUES (4, 2, 'ar', 'تيشيرت ذو معنى غريب', '<p>غريب قليلاً، وذو معنى كبير. تيشيرت الشعار المميز لدينا.</p>');
INSERT INTO images (id, file_name, url) VALUES (3, 'bq-p2a.jpg', 'https://picsum.photos/seed/bq-p2a/800/800');
INSERT INTO product_images (product_id, image_id) VALUES (2, 3);
INSERT INTO product_categories (product_id, category_id) VALUES (2, 4);
INSERT INTO product_attribute_values (product_id, attribute_value_id) VALUES (2, 2);
INSERT INTO product_attribute_values (product_id, attribute_value_id) VALUES (2, 7);
INSERT INTO product_attribute_values (product_id, attribute_value_id) VALUES (2, 9);
INSERT INTO product_attribute_values (product_id, attribute_value_id) VALUES (2, 11);
INSERT INTO product_attribute_values (product_id, attribute_value_id) VALUES (2, 12);
INSERT INTO product_attribute_values (product_id, attribute_value_id) VALUES (2, 13);
INSERT INTO product_attribute_values (product_id, attribute_value_id) VALUES (2, 14);
INSERT INTO product_attribute_values (product_id, attribute_value_id) VALUES (2, 15);
INSERT INTO product_attribute_values (product_id, attribute_value_id) VALUES (2, 17);
INSERT INTO products (id, name, description, price, status) VALUES (3, 'Midnight Fox Men''s Tee', '<p>A sly fox under a midnight sky, screen-printed on a classic-fit cotton tee.</p>', 23, 'PUBLISHED');
INSERT INTO product_translations (id, product_id, lang, name, description) VALUES (5, 3, 'fr', 'T-Shirt Renard de Minuit (Homme)', '<p>Un renard rusé sous un ciel de minuit, sérigraphié sur un t-shirt en coton.</p>');
INSERT INTO product_translations (id, product_id, lang, name, description) VALUES (6, 3, 'ar', 'تيشيرت ثعلب منتصف الليل (رجالي)', '<p>ثعلب ماكر تحت سماء منتصف الليل، مطبوع على تيشيرت قطني كلاسيكي.</p>');
INSERT INTO images (id, file_name, url) VALUES (4, 'bq-p3a.jpg', 'https://picsum.photos/seed/bq-p3a/800/800');
INSERT INTO product_images (product_id, image_id) VALUES (3, 4);
INSERT INTO images (id, file_name, url) VALUES (5, 'bq-p3b.jpg', 'https://picsum.photos/seed/bq-p3b/800/800');
INSERT INTO product_images (product_id, image_id) VALUES (3, 5);
INSERT INTO product_categories (product_id, category_id) VALUES (3, 2);
INSERT INTO product_attribute_values (product_id, attribute_value_id) VALUES (3, 1);
INSERT INTO product_attribute_values (product_id, attribute_value_id) VALUES (3, 3);
INSERT INTO product_attribute_values (product_id, attribute_value_id) VALUES (3, 6);
INSERT INTO product_attribute_values (product_id, attribute_value_id) VALUES (3, 13);
INSERT INTO product_attribute_values (product_id, attribute_value_id) VALUES (3, 14);
INSERT INTO product_attribute_values (product_id, attribute_value_id) VALUES (3, 15);
INSERT INTO product_attribute_values (product_id, attribute_value_id) VALUES (3, 16);
INSERT INTO product_attribute_values (product_id, attribute_value_id) VALUES (3, 17);
INSERT INTO products (id, name, description, price, status) VALUES (4, 'Retro Sunset Men''s Tee', '<p>Warm 70s gradients and clean lines — a retro sunset you can wear all year.</p>', 25, 'PUBLISHED');
INSERT INTO product_translations (id, product_id, lang, name, description) VALUES (7, 4, 'fr', 'T-Shirt Coucher de Soleil Rétro (Homme)', '<p>Des dégradés chaleureux des années 70 sur un t-shirt à porter toute l''année.</p>');
INSERT INTO product_translations (id, product_id, lang, name, description) VALUES (8, 4, 'ar', 'تيشيرت غروب الشمس الكلاسيكي (رجالي)', '<p>تدرجات دافئة من السبعينيات على تيشيرت يمكن ارتداؤه طوال العام.</p>');
INSERT INTO images (id, file_name, url) VALUES (6, 'bq-p4a.jpg', 'https://picsum.photos/seed/bq-p4a/800/800');
INSERT INTO product_images (product_id, image_id) VALUES (4, 6);
INSERT INTO product_categories (product_id, category_id) VALUES (4, 2);
INSERT INTO product_attribute_values (product_id, attribute_value_id) VALUES (4, 10);
INSERT INTO product_attribute_values (product_id, attribute_value_id) VALUES (4, 8);
INSERT INTO product_attribute_values (product_id, attribute_value_id) VALUES (4, 1);
INSERT INTO product_attribute_values (product_id, attribute_value_id) VALUES (4, 12);
INSERT INTO product_attribute_values (product_id, attribute_value_id) VALUES (4, 13);
INSERT INTO product_attribute_values (product_id, attribute_value_id) VALUES (4, 14);
INSERT INTO product_attribute_values (product_id, attribute_value_id) VALUES (4, 15);
INSERT INTO product_attribute_values (product_id, attribute_value_id) VALUES (4, 21);
INSERT INTO products (id, name, description, price, status) VALUES (5, 'Blossom Women''s Tee', '<p>Hand-drawn blossoms on a flattering women''s-fit tee. Soft, breathable, and made to layer.</p>', 23.5, 'PUBLISHED');
INSERT INTO product_translations (id, product_id, lang, name, description) VALUES (9, 5, 'fr', 'T-Shirt Floraison (Femme)', '<p>Des fleurs dessinées à la main sur un t-shirt à coupe féminine, doux et respirant.</p>');
INSERT INTO product_translations (id, product_id, lang, name, description) VALUES (10, 5, 'ar', 'تيشيرت الإزهار (نسائي)', '<p>أزهار مرسومة يدويًا على تيشيرت نسائي ناعم وقابل للتنفس.</p>');
INSERT INTO images (id, file_name, url) VALUES (7, 'bq-p5a.jpg', 'https://picsum.photos/seed/bq-p5a/800/800');
INSERT INTO product_images (product_id, image_id) VALUES (5, 7);
INSERT INTO images (id, file_name, url) VALUES (8, 'bq-p5b.jpg', 'https://picsum.photos/seed/bq-p5b/800/800');
INSERT INTO product_images (product_id, image_id) VALUES (5, 8);
INSERT INTO product_categories (product_id, category_id) VALUES (5, 3);
INSERT INTO product_attribute_values (product_id, attribute_value_id) VALUES (5, 9);
INSERT INTO product_attribute_values (product_id, attribute_value_id) VALUES (5, 2);
INSERT INTO product_attribute_values (product_id, attribute_value_id) VALUES (5, 7);
INSERT INTO product_attribute_values (product_id, attribute_value_id) VALUES (5, 11);
INSERT INTO product_attribute_values (product_id, attribute_value_id) VALUES (5, 12);
INSERT INTO product_attribute_values (product_id, attribute_value_id) VALUES (5, 13);
INSERT INTO product_attribute_values (product_id, attribute_value_id) VALUES (5, 14);
INSERT INTO product_attribute_values (product_id, attribute_value_id) VALUES (5, 18);
INSERT INTO products (id, name, description, price, status) VALUES (6, 'Wildflower Women''s Tee', '<p>A meadow of wildflowers wrapping around a relaxed women''s tee.</p>', 24, 'PUBLISHED');
INSERT INTO product_translations (id, product_id, lang, name, description) VALUES (11, 6, 'fr', 'T-Shirt Fleurs Sauvages (Femme)', '<p>Une prairie de fleurs sauvages sur un t-shirt femme décontracté.</p>');
INSERT INTO product_translations (id, product_id, lang, name, description) VALUES (12, 6, 'ar', 'تيشيرت الزهور البرية (نسائي)', '<p>مرج من الزهور البرية على تيشيرت نسائي مريح.</p>');
INSERT INTO images (id, file_name, url) VALUES (9, 'bq-p6a.jpg', 'https://picsum.photos/seed/bq-p6a/800/800');
INSERT INTO product_images (product_id, image_id) VALUES (6, 9);
INSERT INTO product_categories (product_id, category_id) VALUES (6, 3);
INSERT INTO product_attribute_values (product_id, attribute_value_id) VALUES (6, 2);
INSERT INTO product_attribute_values (product_id, attribute_value_id) VALUES (6, 10);
INSERT INTO product_attribute_values (product_id, attribute_value_id) VALUES (6, 6);
INSERT INTO product_attribute_values (product_id, attribute_value_id) VALUES (6, 11);
INSERT INTO product_attribute_values (product_id, attribute_value_id) VALUES (6, 12);
INSERT INTO product_attribute_values (product_id, attribute_value_id) VALUES (6, 13);
INSERT INTO product_attribute_values (product_id, attribute_value_id) VALUES (6, 14);
INSERT INTO product_attribute_values (product_id, attribute_value_id) VALUES (6, 15);
INSERT INTO product_attribute_values (product_id, attribute_value_id) VALUES (6, 17);
INSERT INTO products (id, name, description, price, status) VALUES (7, 'Tiny Dino Kids Tee', '<p>A friendly little dino for little explorers. Tough enough for the playground.</p>', 18, 'PUBLISHED');
INSERT INTO product_translations (id, product_id, lang, name, description) VALUES (13, 7, 'fr', 'T-Shirt Petit Dino (Enfant)', '<p>Un petit dino sympathique pour les petits explorateurs.</p>');
INSERT INTO product_translations (id, product_id, lang, name, description) VALUES (14, 7, 'ar', 'تيشيرت الديناصور الصغير (أطفال)', '<p>ديناصور صغير لطيف للمستكشفين الصغار.</p>');
INSERT INTO images (id, file_name, url) VALUES (10, 'bq-p7a.jpg', 'https://picsum.photos/seed/bq-p7a/800/800');
INSERT INTO product_images (product_id, image_id) VALUES (7, 10);
INSERT INTO product_categories (product_id, category_id) VALUES (7, 5);
INSERT INTO product_attribute_values (product_id, attribute_value_id) VALUES (7, 5);
INSERT INTO product_attribute_values (product_id, attribute_value_id) VALUES (7, 4);
INSERT INTO product_attribute_values (product_id, attribute_value_id) VALUES (7, 10);
INSERT INTO product_attribute_values (product_id, attribute_value_id) VALUES (7, 11);
INSERT INTO product_attribute_values (product_id, attribute_value_id) VALUES (7, 12);
INSERT INTO product_attribute_values (product_id, attribute_value_id) VALUES (7, 13);
INSERT INTO product_attribute_values (product_id, attribute_value_id) VALUES (7, 17);
INSERT INTO products (id, name, description, price, status) VALUES (8, 'Space Cadet Kids Tee', '<p>Blast-off ready. A rocket and stars print for future astronauts.</p>', 18.5, 'PUBLISHED');
INSERT INTO product_translations (id, product_id, lang, name, description) VALUES (15, 8, 'fr', 'T-Shirt Cadet de l''Espace (Enfant)', '<p>Prêt pour le décollage : une fusée et des étoiles pour futurs astronautes.</p>');
INSERT INTO product_translations (id, product_id, lang, name, description) VALUES (16, 8, 'ar', 'تيشيرت رائد الفضاء (أطفال)', '<p>جاهز للانطلاق: طبعة صاروخ ونجوم لرواد الفضاء المستقبليين.</p>');
INSERT INTO images (id, file_name, url) VALUES (11, 'bq-p8a.jpg', 'https://picsum.photos/seed/bq-p8a/800/800');
INSERT INTO product_images (product_id, image_id) VALUES (8, 11);
INSERT INTO product_categories (product_id, category_id) VALUES (8, 5);
INSERT INTO product_attribute_values (product_id, attribute_value_id) VALUES (8, 3);
INSERT INTO product_attribute_values (product_id, attribute_value_id) VALUES (8, 1);
INSERT INTO product_attribute_values (product_id, attribute_value_id) VALUES (8, 4);
INSERT INTO product_attribute_values (product_id, attribute_value_id) VALUES (8, 11);
INSERT INTO product_attribute_values (product_id, attribute_value_id) VALUES (8, 12);
INSERT INTO product_attribute_values (product_id, attribute_value_id) VALUES (8, 13);
INSERT INTO product_attribute_values (product_id, attribute_value_id) VALUES (8, 17);
INSERT INTO products (id, name, description, price, status) VALUES (9, 'Classic Logo Unisex Tee', '<p>The BlueQuirk staple: our clean logo on a versatile tri-blend tee.</p>', 21, 'PUBLISHED');
INSERT INTO product_translations (id, product_id, lang, name, description) VALUES (17, 9, 'fr', 'T-Shirt Logo Classique (Unisexe)', '<p>L''incontournable BlueQuirk : notre logo épuré sur un t-shirt tri-blend.</p>');
INSERT INTO product_translations (id, product_id, lang, name, description) VALUES (18, 9, 'ar', 'تيشيرت الشعار الكلاسيكي (للجنسين)', '<p>أساسي من BlueQuirk: شعارنا الأنيق على تيشيرت متعدد الاستخدامات.</p>');
INSERT INTO images (id, file_name, url) VALUES (12, 'bq-p9a.jpg', 'https://picsum.photos/seed/bq-p9a/800/800');
INSERT INTO product_images (product_id, image_id) VALUES (9, 12);
INSERT INTO images (id, file_name, url) VALUES (13, 'bq-p9b.jpg', 'https://picsum.photos/seed/bq-p9b/800/800');
INSERT INTO product_images (product_id, image_id) VALUES (9, 13);
INSERT INTO product_categories (product_id, category_id) VALUES (9, 4);
INSERT INTO product_attribute_values (product_id, attribute_value_id) VALUES (9, 1);
INSERT INTO product_attribute_values (product_id, attribute_value_id) VALUES (9, 2);
INSERT INTO product_attribute_values (product_id, attribute_value_id) VALUES (9, 3);
INSERT INTO product_attribute_values (product_id, attribute_value_id) VALUES (9, 7);
INSERT INTO product_attribute_values (product_id, attribute_value_id) VALUES (9, 8);
INSERT INTO product_attribute_values (product_id, attribute_value_id) VALUES (9, 12);
INSERT INTO product_attribute_values (product_id, attribute_value_id) VALUES (9, 13);
INSERT INTO product_attribute_values (product_id, attribute_value_id) VALUES (9, 14);
INSERT INTO product_attribute_values (product_id, attribute_value_id) VALUES (9, 15);
INSERT INTO product_attribute_values (product_id, attribute_value_id) VALUES (9, 16);
INSERT INTO product_attribute_values (product_id, attribute_value_id) VALUES (9, 21);
INSERT INTO products (id, name, description, price, status) VALUES (10, 'Blue Snowflake Hoodie', '<p>A crisp snowflake on a heavyweight fleece hoodie with a roomy front pocket.</p>', 49, 'PUBLISHED');
INSERT INTO product_translations (id, product_id, lang, name, description) VALUES (19, 10, 'fr', 'Sweat à Capuche Flocon Bleu', '<p>Un flocon net sur un sweat à capuche en molleton épais avec poche kangourou.</p>');
INSERT INTO product_translations (id, product_id, lang, name, description) VALUES (20, 10, 'ar', 'سويتشيرت ندفة الثلج الزرقاء', '<p>ندفة ثلج أنيقة على سويتشيرت من الصوف الثقيل بجيب أمامي واسع.</p>');
INSERT INTO images (id, file_name, url) VALUES (14, 'bq-p10a.jpg', 'https://picsum.photos/seed/bq-p10a/800/800');
INSERT INTO product_images (product_id, image_id) VALUES (10, 14);
INSERT INTO images (id, file_name, url) VALUES (15, 'bq-p10b.jpg', 'https://picsum.photos/seed/bq-p10b/800/800');
INSERT INTO product_images (product_id, image_id) VALUES (10, 15);
INSERT INTO product_categories (product_id, category_id) VALUES (10, 6);
INSERT INTO product_attribute_values (product_id, attribute_value_id) VALUES (10, 5);
INSERT INTO product_attribute_values (product_id, attribute_value_id) VALUES (10, 3);
INSERT INTO product_attribute_values (product_id, attribute_value_id) VALUES (10, 1);
INSERT INTO product_attribute_values (product_id, attribute_value_id) VALUES (10, 12);
INSERT INTO product_attribute_values (product_id, attribute_value_id) VALUES (10, 13);
INSERT INTO product_attribute_values (product_id, attribute_value_id) VALUES (10, 14);
INSERT INTO product_attribute_values (product_id, attribute_value_id) VALUES (10, 15);
INSERT INTO product_attribute_values (product_id, attribute_value_id) VALUES (10, 16);
INSERT INTO product_attribute_values (product_id, attribute_value_id) VALUES (10, 20);
INSERT INTO products (id, name, description, price, status) VALUES (11, 'Cozy Bear Pullover Hoodie', '<p>A sleepy bear and the softest brushed-back fleece you''ll want to live in.</p>', 52, 'PUBLISHED');
INSERT INTO product_translations (id, product_id, lang, name, description) VALUES (21, 11, 'fr', 'Sweat à Capuche Ours Douillet', '<p>Un ours endormi et un molleton gratté ultra-doux.</p>');
INSERT INTO product_translations (id, product_id, lang, name, description) VALUES (22, 11, 'ar', 'سويتشيرت الدب المريح', '<p>دب نعسان وصوف ناعم للغاية لن ترغب في خلعه.</p>');
INSERT INTO images (id, file_name, url) VALUES (16, 'bq-p11a.jpg', 'https://picsum.photos/seed/bq-p11a/800/800');
INSERT INTO product_images (product_id, image_id) VALUES (11, 16);
INSERT INTO product_categories (product_id, category_id) VALUES (11, 6);
INSERT INTO product_attribute_values (product_id, attribute_value_id) VALUES (11, 7);
INSERT INTO product_attribute_values (product_id, attribute_value_id) VALUES (11, 6);
INSERT INTO product_attribute_values (product_id, attribute_value_id) VALUES (11, 8);
INSERT INTO product_attribute_values (product_id, attribute_value_id) VALUES (11, 13);
INSERT INTO product_attribute_values (product_id, attribute_value_id) VALUES (11, 14);
INSERT INTO product_attribute_values (product_id, attribute_value_id) VALUES (11, 15);
INSERT INTO product_attribute_values (product_id, attribute_value_id) VALUES (11, 16);
INSERT INTO product_attribute_values (product_id, attribute_value_id) VALUES (11, 20);
INSERT INTO products (id, name, description, price, status) VALUES (12, 'Street Art Zip Hoodie', '<p>Bold street-art graphics on a full-zip hoodie built for everyday wear.</p>', 56, 'PUBLISHED');
INSERT INTO product_translations (id, product_id, lang, name, description) VALUES (23, 12, 'fr', 'Sweat Zippé Street Art', '<p>Des graphismes street-art audacieux sur un sweat à capuche zippé.</p>');
INSERT INTO product_translations (id, product_id, lang, name, description) VALUES (24, 12, 'ar', 'سويتشيرت بسحاب فن الشارع', '<p>رسومات جريئة من فن الشارع على سويتشيرت بسحاب كامل.</p>');
INSERT INTO images (id, file_name, url) VALUES (17, 'bq-p12a.jpg', 'https://picsum.photos/seed/bq-p12a/800/800');
INSERT INTO product_images (product_id, image_id) VALUES (12, 17);
INSERT INTO images (id, file_name, url) VALUES (18, 'bq-p12b.jpg', 'https://picsum.photos/seed/bq-p12b/800/800');
INSERT INTO product_images (product_id, image_id) VALUES (12, 18);
INSERT INTO product_categories (product_id, category_id) VALUES (12, 6);
INSERT INTO product_attribute_values (product_id, attribute_value_id) VALUES (12, 1);
INSERT INTO product_attribute_values (product_id, attribute_value_id) VALUES (12, 3);
INSERT INTO product_attribute_values (product_id, attribute_value_id) VALUES (12, 12);
INSERT INTO product_attribute_values (product_id, attribute_value_id) VALUES (12, 13);
INSERT INTO product_attribute_values (product_id, attribute_value_id) VALUES (12, 14);
INSERT INTO product_attribute_values (product_id, attribute_value_id) VALUES (12, 15);
INSERT INTO product_attribute_values (product_id, attribute_value_id) VALUES (12, 19);
INSERT INTO products (id, name, description, price, status) VALUES (13, 'Minimal Black Cap', '<p>A clean, low-profile cap with an adjustable strap. One size fits most.</p>', 19, 'PUBLISHED');
INSERT INTO product_translations (id, product_id, lang, name, description) VALUES (25, 13, 'fr', 'Casquette Noire Minimaliste', '<p>Une casquette épurée et réglable. Taille unique.</p>');
INSERT INTO product_translations (id, product_id, lang, name, description) VALUES (26, 13, 'ar', 'قبعة سوداء بسيطة', '<p>قبعة أنيقة قابلة للتعديل بمقاس واحد يناسب الجميع.</p>');
INSERT INTO images (id, file_name, url) VALUES (19, 'bq-p13a.jpg', 'https://picsum.photos/seed/bq-p13a/800/800');
INSERT INTO product_images (product_id, image_id) VALUES (13, 19);
INSERT INTO product_categories (product_id, category_id) VALUES (13, 7);
INSERT INTO product_attribute_values (product_id, attribute_value_id) VALUES (13, 1);
INSERT INTO product_attribute_values (product_id, attribute_value_id) VALUES (13, 3);
INSERT INTO product_attribute_values (product_id, attribute_value_id) VALUES (13, 6);
INSERT INTO products (id, name, description, price, status) VALUES (14, 'Embroidered Wave Dad Hat', '<p>A tiny embroidered wave on a relaxed, curved-brim dad hat.</p>', 21, 'PUBLISHED');
INSERT INTO product_translations (id, product_id, lang, name, description) VALUES (27, 14, 'fr', 'Casquette Vague Brodée', '<p>Une petite vague brodée sur une casquette à visière courbée.</p>');
INSERT INTO product_translations (id, product_id, lang, name, description) VALUES (28, 14, 'ar', 'قبعة الموجة المطرزة', '<p>موجة صغيرة مطرزة على قبعة بحافة منحنية.</p>');
INSERT INTO images (id, file_name, url) VALUES (20, 'bq-p14a.jpg', 'https://picsum.photos/seed/bq-p14a/800/800');
INSERT INTO product_images (product_id, image_id) VALUES (14, 20);
INSERT INTO product_categories (product_id, category_id) VALUES (14, 7);
INSERT INTO product_attribute_values (product_id, attribute_value_id) VALUES (14, 3);
INSERT INTO product_attribute_values (product_id, attribute_value_id) VALUES (14, 8);
INSERT INTO product_attribute_values (product_id, attribute_value_id) VALUES (14, 7);
INSERT INTO products (id, name, description, price, status) VALUES (15, 'Holographic Otter Sticker Pack', '<p>A pack of five weatherproof holographic stickers. Perfect for laptops and bottles.</p>', 8.5, 'PUBLISHED');
INSERT INTO product_translations (id, product_id, lang, name, description) VALUES (29, 15, 'fr', 'Pack d''Autocollants Loutre Holographique', '<p>Un lot de cinq autocollants holographiques résistants aux intempéries.</p>');
INSERT INTO product_translations (id, product_id, lang, name, description) VALUES (30, 15, 'ar', 'حزمة ملصقات القندس الهولوغرافية', '<p>مجموعة من خمسة ملصقات هولوغرافية مقاومة للعوامل الجوية.</p>');
INSERT INTO images (id, file_name, url) VALUES (21, 'bq-p15a.jpg', 'https://picsum.photos/seed/bq-p15a/800/800');
INSERT INTO product_images (product_id, image_id) VALUES (15, 21);
INSERT INTO product_categories (product_id, category_id) VALUES (15, 8);
INSERT INTO products (id, name, description, price, status) VALUES (16, 'Meaningful Doodles Sticker Sheet', '<p>One sheet, a dozen tiny doodles. Kiss-cut and easy to peel.</p>', 7, 'PUBLISHED');
INSERT INTO product_translations (id, product_id, lang, name, description) VALUES (31, 16, 'fr', 'Planche d''Autocollants Doodles', '<p>Une planche, une douzaine de petits doodles faciles à décoller.</p>');
INSERT INTO product_translations (id, product_id, lang, name, description) VALUES (32, 16, 'ar', 'ورقة ملصقات الرسومات', '<p>ورقة واحدة بعشرات الرسومات الصغيرة سهلة النزع.</p>');
INSERT INTO images (id, file_name, url) VALUES (22, 'bq-p16a.jpg', 'https://picsum.photos/seed/bq-p16a/800/800');
INSERT INTO product_images (product_id, image_id) VALUES (16, 22);
INSERT INTO product_categories (product_id, category_id) VALUES (16, 8);
INSERT INTO products (id, name, description, price, status) VALUES (17, 'Galaxy Drip Phone Case', '<p>A dripping galaxy print on a slim, shock-absorbing case.</p>', 16, 'PUBLISHED');
INSERT INTO product_translations (id, product_id, lang, name, description) VALUES (33, 17, 'fr', 'Coque Galaxy Drip', '<p>Un imprimé galaxie sur une coque fine et antichoc.</p>');
INSERT INTO product_translations (id, product_id, lang, name, description) VALUES (34, 17, 'ar', 'غطاء هاتف المجرة المتقطرة', '<p>طبعة مجرة على غطاء رفيع ممتص للصدمات.</p>');
INSERT INTO images (id, file_name, url) VALUES (23, 'bq-p17a.jpg', 'https://picsum.photos/seed/bq-p17a/800/800');
INSERT INTO product_images (product_id, image_id) VALUES (17, 23);
INSERT INTO product_categories (product_id, category_id) VALUES (17, 9);
INSERT INTO product_attribute_values (product_id, attribute_value_id) VALUES (17, 1);
INSERT INTO product_attribute_values (product_id, attribute_value_id) VALUES (17, 2);
INSERT INTO product_attribute_values (product_id, attribute_value_id) VALUES (17, 5);
INSERT INTO product_attribute_values (product_id, attribute_value_id) VALUES (17, 19);
INSERT INTO products (id, name, description, price, status) VALUES (18, 'Canvas Everyday Tote', '<p>A sturdy organic-cotton tote with long handles and a printed motif.</p>', 14, 'PUBLISHED');
INSERT INTO product_translations (id, product_id, lang, name, description) VALUES (35, 18, 'fr', 'Tote Bag en Toile', '<p>Un tote bag en coton bio robuste avec de longues anses.</p>');
INSERT INTO product_translations (id, product_id, lang, name, description) VALUES (36, 18, 'ar', 'حقيبة قماشية يومية', '<p>حقيبة من القطن العضوي المتين بمقابض طويلة.</p>');
INSERT INTO images (id, file_name, url) VALUES (24, 'bq-p18a.jpg', 'https://picsum.photos/seed/bq-p18a/800/800');
INSERT INTO product_images (product_id, image_id) VALUES (18, 24);
INSERT INTO product_categories (product_id, category_id) VALUES (18, 10);
INSERT INTO product_attribute_values (product_id, attribute_value_id) VALUES (18, 2);
INSERT INTO product_attribute_values (product_id, attribute_value_id) VALUES (18, 1);
INSERT INTO product_attribute_values (product_id, attribute_value_id) VALUES (18, 18);
ALTER TABLE attributes AUTO_INCREMENT = 100;
ALTER TABLE attribute_values AUTO_INCREMENT = 100;
ALTER TABLE categories AUTO_INCREMENT = 100;
ALTER TABLE category_translations AUTO_INCREMENT = 100;
ALTER TABLE products AUTO_INCREMENT = 100;
ALTER TABLE product_translations AUTO_INCREMENT = 100;
ALTER TABLE images AUTO_INCREMENT = 100;
SET FOREIGN_KEY_CHECKS = 1;
